Component,Smoothness
Level (PC1),0.0008909137265452508
Slope (PC2),0.011982985653637993
Curvature (PC3),0.019151764214596512
